,Epoch,Ld,Lr,Lb,Loss,Rt
0,0.0,40.585365295410156,2.4040346145629883,0.04224121943116188,1017.0804443359375,5.731013059616089
1,1000.0,2.265791416168213,17.489076614379883,0.01652255840599537,74.150390625,1.599626064300537
2,2000.0,1.3998147249221802,17.900638580322266,0.017795505002141,52.91380310058594,1.6235532760620117
3,3000.0,1.1066535711288452,17.403247833251953,0.013382546603679657,45.082969665527344,1.6302263736724854
